,exp_name,env_name,seed,metric,env_step,value
0,utd8,Isaac-Velocity-Rough-G1-v0,4000,avg_return,0.0,-4.887271142833953
1,utd8,Isaac-Velocity-Rough-G1-v0,4000,avg_return,5496832.0,16.30657475910329
2,utd8,Isaac-Velocity-Rough-G1-v0,4000,avg_return,10493952.0,24.132138801268194
3,utd8,Isaac-Velocity-Rough-G1-v0,4000,avg_return,15491072.0,30.498647293186018
4,utd8,Isaac-Velocity-Rough-G1-v0,4000,avg_return,20488192.0,33.160613768690595
5,utd8,Isaac-Velocity-Rough-G1-v0,4000,avg_return,25485312.0,36.58595448203113
6,utd8,Isaac-Velocity-Rough-G1-v0,4000,avg_return,30482432.0,36.79347958931062
7,utd8,Isaac-Velocity-Rough-G1-v0,4000,avg_return,35479552.0,37.39032357663092
8,utd8,Isaac-Velocity-Rough-G1-v0,4000,avg_return,40476672.0,37.49364868009809
9,utd8,Isaac-Velocity-Rough-G1-v0,4000,avg_return,45473792.0,38.42240955033874
10,utd8,Isaac-Velocity-Rough-G1-v0,4000,avg_return,50000896.0,39.846261619288526
11,utd8,Isaac-Velocity-Rough-G1-v0,4000,avg_success_once,0.0,0.0
12,utd8,Isaac-Velocity-Rough-G1-v0,4000,avg_success_once,5496832.0,0.0
13,utd8,Isaac-Velocity-Rough-G1-v0,4000,avg_success_once,10493952.0,0.0
14,utd8,Isaac-Velocity-Rough-G1-v0,4000,avg_success_once,15491072.0,0.0
15,utd8,Isaac-Velocity-Rough-G1-v0,4000,avg_success_once,20488192.0,0.0
16,utd8,Isaac-Velocity-Rough-G1-v0,4000,avg_success_once,25485312.0,0.0
17,utd8,Isaac-Velocity-Rough-G1-v0,4000,avg_success_once,30482432.0,0.0
18,utd8,Isaac-Velocity-Rough-G1-v0,4000,avg_success_once,35479552.0,0.0
19,utd8,Isaac-Velocity-Rough-G1-v0,4000,avg_success_once,40476672.0,0.0
20,utd8,Isaac-Velocity-Rough-G1-v0,4000,avg_success_once,45473792.0,0.0
21,utd8,Isaac-Velocity-Rough-G1-v0,4000,avg_success_once,50000896.0,0.0
22,utd8,Isaac-Velocity-Flat-G1-v0,4000,avg_return,0.0,-5.604358085428164
23,utd8,Isaac-Velocity-Flat-G1-v0,4000,avg_return,5496832.0,21.789079314656714
24,utd8,Isaac-Velocity-Flat-G1-v0,4000,avg_return,10493952.0,26.018010835390672
25,utd8,Isaac-Velocity-Flat-G1-v0,4000,avg_return,15491072.0,35.875484228144124
26,utd8,Isaac-Velocity-Flat-G1-v0,4000,avg_return,20488192.0,36.68987936429361
27,utd8,Isaac-Velocity-Flat-G1-v0,4000,avg_return,25485312.0,37.55777001193187
28,utd8,Isaac-Velocity-Flat-G1-v0,4000,avg_return,30482432.0,38.059080791157676
29,utd8,Isaac-Velocity-Flat-G1-v0,4000,avg_return,35479552.0,38.18483131356837
30,utd8,Isaac-Velocity-Flat-G1-v0,4000,avg_return,40476672.0,38.32081892663379
31,utd8,Isaac-Velocity-Flat-G1-v0,4000,avg_return,45473792.0,38.67900764007969
32,utd8,Isaac-Velocity-Flat-G1-v0,4000,avg_return,50000896.0,38.627664944353725
33,utd8,Isaac-Velocity-Flat-G1-v0,4000,avg_success_once,0.0,0.0
34,utd8,Isaac-Velocity-Flat-G1-v0,4000,avg_success_once,5496832.0,0.0
35,utd8,Isaac-Velocity-Flat-G1-v0,4000,avg_success_once,10493952.0,0.0
36,utd8,Isaac-Velocity-Flat-G1-v0,4000,avg_success_once,15491072.0,0.0
37,utd8,Isaac-Velocity-Flat-G1-v0,4000,avg_success_once,20488192.0,0.0
38,utd8,Isaac-Velocity-Flat-G1-v0,4000,avg_success_once,25485312.0,0.0
39,utd8,Isaac-Velocity-Flat-G1-v0,4000,avg_success_once,30482432.0,0.0
40,utd8,Isaac-Velocity-Flat-G1-v0,4000,avg_success_once,35479552.0,0.0
41,utd8,Isaac-Velocity-Flat-G1-v0,4000,avg_success_once,40476672.0,0.0
42,utd8,Isaac-Velocity-Flat-G1-v0,4000,avg_success_once,45473792.0,0.0
43,utd8,Isaac-Velocity-Flat-G1-v0,4000,avg_success_once,50000896.0,0.0
44,utd8,Isaac-Repose-Cube-Allegro-Direct-v0,4000,avg_return,0.0,-25.897258411873292
45,utd8,Isaac-Repose-Cube-Allegro-Direct-v0,4000,avg_return,5496832.0,174.075520407355
46,utd8,Isaac-Repose-Cube-Allegro-Direct-v0,4000,avg_return,10493952.0,1638.2874241666266
47,utd8,Isaac-Repose-Cube-Allegro-Direct-v0,4000,avg_return,15491072.0,2890.5984412798607
48,utd8,Isaac-Repose-Cube-Allegro-Direct-v0,4000,avg_return,20488192.0,3778.9032806008354
49,utd8,Isaac-Repose-Cube-Allegro-Direct-v0,4000,avg_return,25485312.0,4342.278608586066
50,utd8,Isaac-Repose-Cube-Allegro-Direct-v0,4000,avg_return,30482432.0,4826.7641491443555
51,utd8,Isaac-Repose-Cube-Allegro-Direct-v0,4000,avg_return,35479552.0,5150.938711344273
52,utd8,Isaac-Repose-Cube-Allegro-Direct-v0,4000,avg_return,40476672.0,5526.992466117909
53,utd8,Isaac-Repose-Cube-Allegro-Direct-v0,4000,avg_return,45473792.0,5687.706554910309
54,utd8,Isaac-Repose-Cube-Allegro-Direct-v0,4000,avg_return,50000896.0,5853.380903595766
55,utd8,Isaac-Repose-Cube-Allegro-Direct-v0,4000,avg_success_once,0.0,0.0
56,utd8,Isaac-Repose-Cube-Allegro-Direct-v0,4000,avg_success_once,5496832.0,0.0
57,utd8,Isaac-Repose-Cube-Allegro-Direct-v0,4000,avg_success_once,10493952.0,0.0
58,utd8,Isaac-Repose-Cube-Allegro-Direct-v0,4000,avg_success_once,15491072.0,0.0
59,utd8,Isaac-Repose-Cube-Allegro-Direct-v0,4000,avg_success_once,20488192.0,0.0
60,utd8,Isaac-Repose-Cube-Allegro-Direct-v0,4000,avg_success_once,25485312.0,0.0
61,utd8,Isaac-Repose-Cube-Allegro-Direct-v0,4000,avg_success_once,30482432.0,0.0
62,utd8,Isaac-Repose-Cube-Allegro-Direct-v0,4000,avg_success_once,35479552.0,0.0
63,utd8,Isaac-Repose-Cube-Allegro-Direct-v0,4000,avg_success_once,40476672.0,0.0
64,utd8,Isaac-Repose-Cube-Allegro-Direct-v0,4000,avg_success_once,45473792.0,0.0
65,utd8,Isaac-Repose-Cube-Allegro-Direct-v0,4000,avg_success_once,50000896.0,0.0
66,utd8,Isaac-Repose-Cube-Shadow-Direct-v0,4000,avg_return,0.0,-24.493947066208563
67,utd8,Isaac-Repose-Cube-Shadow-Direct-v0,4000,avg_return,5496832.0,319.33148082892626
68,utd8,Isaac-Repose-Cube-Shadow-Direct-v0,4000,avg_return,10493952.0,2377.6601151604164
69,utd8,Isaac-Repose-Cube-Shadow-Direct-v0,4000,avg_return,15491072.0,5358.463453277505
70,utd8,Isaac-Repose-Cube-Shadow-Direct-v0,4000,avg_return,20488192.0,6049.1286387055425
71,utd8,Isaac-Repose-Cube-Shadow-Direct-v0,4000,avg_return,25485312.0,7872.153779051602
72,utd8,Isaac-Repose-Cube-Shadow-Direct-v0,4000,avg_return,30482432.0,8847.350107155162
73,utd8,Isaac-Repose-Cube-Shadow-Direct-v0,4000,avg_return,35479552.0,9230.942207669845
74,utd8,Isaac-Repose-Cube-Shadow-Direct-v0,4000,avg_return,40476672.0,9402.716338837923
75,utd8,Isaac-Repose-Cube-Shadow-Direct-v0,4000,avg_return,45473792.0,9768.510327287182
76,utd8,Isaac-Repose-Cube-Shadow-Direct-v0,4000,avg_return,50000896.0,9869.683606024653
77,utd8,Isaac-Repose-Cube-Shadow-Direct-v0,4000,avg_success_once,0.0,0.0
78,utd8,Isaac-Repose-Cube-Shadow-Direct-v0,4000,avg_success_once,5496832.0,0.0
79,utd8,Isaac-Repose-Cube-Shadow-Direct-v0,4000,avg_success_once,10493952.0,0.0
80,utd8,Isaac-Repose-Cube-Shadow-Direct-v0,4000,avg_success_once,15491072.0,0.0
81,utd8,Isaac-Repose-Cube-Shadow-Direct-v0,4000,avg_success_once,20488192.0,0.0
82,utd8,Isaac-Repose-Cube-Shadow-Direct-v0,4000,avg_success_once,25485312.0,0.0
83,utd8,Isaac-Repose-Cube-Shadow-Direct-v0,4000,avg_success_once,30482432.0,0.0
84,utd8,Isaac-Repose-Cube-Shadow-Direct-v0,4000,avg_success_once,35479552.0,0.0
85,utd8,Isaac-Repose-Cube-Shadow-Direct-v0,4000,avg_success_once,40476672.0,0.0
86,utd8,Isaac-Repose-Cube-Shadow-Direct-v0,4000,avg_success_once,45473792.0,0.0
87,utd8,Isaac-Repose-Cube-Shadow-Direct-v0,4000,avg_success_once,50000896.0,0.0
88,utd8,Isaac-Velocity-Rough-G1-v0,3000,avg_return,0.0,-4.8236334225488875
89,utd8,Isaac-Velocity-Rough-G1-v0,3000,avg_return,5496832.0,18.654885195757966
90,utd8,Isaac-Velocity-Rough-G1-v0,3000,avg_return,10493952.0,24.441215651149715
91,utd8,Isaac-Velocity-Rough-G1-v0,3000,avg_return,15491072.0,28.48165415489602
92,utd8,Isaac-Velocity-Rough-G1-v0,3000,avg_return,20488192.0,32.91974392522653
93,utd8,Isaac-Velocity-Rough-G1-v0,3000,avg_return,25485312.0,36.07145468352887
94,utd8,Isaac-Velocity-Rough-G1-v0,3000,avg_return,30482432.0,36.50200864990919
95,utd8,Isaac-Velocity-Rough-G1-v0,3000,avg_return,35479552.0,38.70685821807919
96,utd8,Isaac-Velocity-Rough-G1-v0,3000,avg_return,40476672.0,39.02047250675187
97,utd8,Isaac-Velocity-Rough-G1-v0,3000,avg_return,45473792.0,39.77345019944996
98,utd8,Isaac-Velocity-Rough-G1-v0,3000,avg_return,50000896.0,40.20932186743178
99,utd8,Isaac-Velocity-Rough-G1-v0,3000,avg_success_once,0.0,0.0
100,utd8,Isaac-Velocity-Rough-G1-v0,3000,avg_success_once,5496832.0,0.0
101,utd8,Isaac-Velocity-Rough-G1-v0,3000,avg_success_once,10493952.0,0.0
102,utd8,Isaac-Velocity-Rough-G1-v0,3000,avg_success_once,15491072.0,0.0
103,utd8,Isaac-Velocity-Rough-G1-v0,3000,avg_success_once,20488192.0,0.0
104,utd8,Isaac-Velocity-Rough-G1-v0,3000,avg_success_once,25485312.0,0.0
105,utd8,Isaac-Velocity-Rough-G1-v0,3000,avg_success_once,30482432.0,0.0
106,utd8,Isaac-Velocity-Rough-G1-v0,3000,avg_success_once,35479552.0,0.0
107,utd8,Isaac-Velocity-Rough-G1-v0,3000,avg_success_once,40476672.0,0.0
108,utd8,Isaac-Velocity-Rough-G1-v0,3000,avg_success_once,45473792.0,0.0
109,utd8,Isaac-Velocity-Rough-G1-v0,3000,avg_success_once,50000896.0,0.0
110,utd8,Isaac-Velocity-Flat-G1-v0,3000,avg_return,0.0,-5.656216149567822
111,utd8,Isaac-Velocity-Flat-G1-v0,3000,avg_return,5496832.0,21.322126414368242
112,utd8,Isaac-Velocity-Flat-G1-v0,3000,avg_return,10493952.0,29.273293315674323
113,utd8,Isaac-Velocity-Flat-G1-v0,3000,avg_return,15491072.0,35.17377710561217
114,utd8,Isaac-Velocity-Flat-G1-v0,3000,avg_return,20488192.0,35.96423803614547
115,utd8,Isaac-Velocity-Flat-G1-v0,3000,avg_return,25485312.0,37.55191471512684
116,utd8,Isaac-Velocity-Flat-G1-v0,3000,avg_return,30482432.0,38.04019160767838
117,utd8,Isaac-Velocity-Flat-G1-v0,3000,avg_return,35479552.0,38.146620470447864
118,utd8,Isaac-Velocity-Flat-G1-v0,3000,avg_return,40476672.0,37.734018508012035
119,utd8,Isaac-Velocity-Flat-G1-v0,3000,avg_return,45473792.0,38.36631524359339
120,utd8,Isaac-Velocity-Flat-G1-v0,3000,avg_return,50000896.0,38.243121518549884
121,utd8,Isaac-Velocity-Flat-G1-v0,3000,avg_success_once,0.0,0.0
122,utd8,Isaac-Velocity-Flat-G1-v0,3000,avg_success_once,5496832.0,0.0
123,utd8,Isaac-Velocity-Flat-G1-v0,3000,avg_success_once,10493952.0,0.0
124,utd8,Isaac-Velocity-Flat-G1-v0,3000,avg_success_once,15491072.0,0.0
125,utd8,Isaac-Velocity-Flat-G1-v0,3000,avg_success_once,20488192.0,0.0
126,utd8,Isaac-Velocity-Flat-G1-v0,3000,avg_success_once,25485312.0,0.0
127,utd8,Isaac-Velocity-Flat-G1-v0,3000,avg_success_once,30482432.0,0.0
128,utd8,Isaac-Velocity-Flat-G1-v0,3000,avg_success_once,35479552.0,0.0
129,utd8,Isaac-Velocity-Flat-G1-v0,3000,avg_success_once,40476672.0,0.0
130,utd8,Isaac-Velocity-Flat-G1-v0,3000,avg_success_once,45473792.0,0.0
131,utd8,Isaac-Velocity-Flat-G1-v0,3000,avg_success_once,50000896.0,0.0
132,utd8,Isaac-Repose-Cube-Allegro-Direct-v0,3000,avg_return,0.0,-17.275076120178692
133,utd8,Isaac-Repose-Cube-Allegro-Direct-v0,3000,avg_return,5496832.0,388.49121564945455
134,utd8,Isaac-Repose-Cube-Allegro-Direct-v0,3000,avg_return,10493952.0,2438.1697826695104
135,utd8,Isaac-Repose-Cube-Allegro-Direct-v0,3000,avg_return,15491072.0,3543.8192021538625
136,utd8,Isaac-Repose-Cube-Allegro-Direct-v0,3000,avg_return,20488192.0,4531.488056144563
137,utd8,Isaac-Repose-Cube-Allegro-Direct-v0,3000,avg_return,25485312.0,5006.425856426222
138,utd8,Isaac-Repose-Cube-Allegro-Direct-v0,3000,avg_return,30482432.0,5474.071823179526
139,utd8,Isaac-Repose-Cube-Allegro-Direct-v0,3000,avg_return,35479552.0,5827.036691152764
140,utd8,Isaac-Repose-Cube-Allegro-Direct-v0,3000,avg_return,40476672.0,6014.715260041876
141,utd8,Isaac-Repose-Cube-Allegro-Direct-v0,3000,avg_return,45473792.0,6152.729120275173
142,utd8,Isaac-Repose-Cube-Allegro-Direct-v0,3000,avg_return,50000896.0,6308.70958872348
143,utd8,Isaac-Repose-Cube-Allegro-Direct-v0,3000,avg_success_once,0.0,0.0
144,utd8,Isaac-Repose-Cube-Allegro-Direct-v0,3000,avg_success_once,5496832.0,0.0
145,utd8,Isaac-Repose-Cube-Allegro-Direct-v0,3000,avg_success_once,10493952.0,0.0
146,utd8,Isaac-Repose-Cube-Allegro-Direct-v0,3000,avg_success_once,15491072.0,0.0
147,utd8,Isaac-Repose-Cube-Allegro-Direct-v0,3000,avg_success_once,20488192.0,0.0
148,utd8,Isaac-Repose-Cube-Allegro-Direct-v0,3000,avg_success_once,25485312.0,0.0
149,utd8,Isaac-Repose-Cube-Allegro-Direct-v0,3000,avg_success_once,30482432.0,0.0
150,utd8,Isaac-Repose-Cube-Allegro-Direct-v0,3000,avg_success_once,35479552.0,0.0
151,utd8,Isaac-Repose-Cube-Allegro-Direct-v0,3000,avg_success_once,40476672.0,0.0
152,utd8,Isaac-Repose-Cube-Allegro-Direct-v0,3000,avg_success_once,45473792.0,0.0
153,utd8,Isaac-Repose-Cube-Allegro-Direct-v0,3000,avg_success_once,50000896.0,0.0
154,utd8,Isaac-Repose-Cube-Shadow-Direct-v0,3000,avg_return,0.0,-38.74998322167213
155,utd8,Isaac-Repose-Cube-Shadow-Direct-v0,3000,avg_return,5496832.0,327.67819496015943
156,utd8,Isaac-Repose-Cube-Shadow-Direct-v0,3000,avg_return,10493952.0,2453.02485628661
157,utd8,Isaac-Repose-Cube-Shadow-Direct-v0,3000,avg_return,15491072.0,6220.627643000061
158,utd8,Isaac-Repose-Cube-Shadow-Direct-v0,3000,avg_return,20488192.0,7496.832832357319
159,utd8,Isaac-Repose-Cube-Shadow-Direct-v0,3000,avg_return,25485312.0,8751.78971064894
160,utd8,Isaac-Repose-Cube-Shadow-Direct-v0,3000,avg_return,30482432.0,8750.110220594488
161,utd8,Isaac-Repose-Cube-Shadow-Direct-v0,3000,avg_return,35479552.0,9731.242195145967
162,utd8,Isaac-Repose-Cube-Shadow-Direct-v0,3000,avg_return,40476672.0,9873.39644201319
163,utd8,Isaac-Repose-Cube-Shadow-Direct-v0,3000,avg_return,45473792.0,10360.986625859106
164,utd8,Isaac-Repose-Cube-Shadow-Direct-v0,3000,avg_return,50000896.0,10411.927029281716
165,utd8,Isaac-Repose-Cube-Shadow-Direct-v0,3000,avg_success_once,0.0,0.0
166,utd8,Isaac-Repose-Cube-Shadow-Direct-v0,3000,avg_success_once,5496832.0,0.0
167,utd8,Isaac-Repose-Cube-Shadow-Direct-v0,3000,avg_success_once,10493952.0,0.0
168,utd8,Isaac-Repose-Cube-Shadow-Direct-v0,3000,avg_success_once,15491072.0,0.0
169,utd8,Isaac-Repose-Cube-Shadow-Direct-v0,3000,avg_success_once,20488192.0,0.0
170,utd8,Isaac-Repose-Cube-Shadow-Direct-v0,3000,avg_success_once,25485312.0,0.0
171,utd8,Isaac-Repose-Cube-Shadow-Direct-v0,3000,avg_success_once,30482432.0,0.0
172,utd8,Isaac-Repose-Cube-Shadow-Direct-v0,3000,avg_success_once,35479552.0,0.0
173,utd8,Isaac-Repose-Cube-Shadow-Direct-v0,3000,avg_success_once,40476672.0,0.0
174,utd8,Isaac-Repose-Cube-Shadow-Direct-v0,3000,avg_success_once,45473792.0,0.0
175,utd8,Isaac-Repose-Cube-Shadow-Direct-v0,3000,avg_success_once,50000896.0,0.0
176,utd8,Isaac-Velocity-Rough-G1-v0,2000,avg_return,0.0,-4.898607688464797
177,utd8,Isaac-Velocity-Rough-G1-v0,2000,avg_return,5496832.0,16.227479243614447
178,utd8,Isaac-Velocity-Rough-G1-v0,2000,avg_return,10493952.0,26.654472086235803
179,utd8,Isaac-Velocity-Rough-G1-v0,2000,avg_return,15491072.0,31.945276457113398
180,utd8,Isaac-Velocity-Rough-G1-v0,2000,avg_return,20488192.0,34.37989226864764
181,utd8,Isaac-Velocity-Rough-G1-v0,2000,avg_return,25485312.0,35.3074815811425
182,utd8,Isaac-Velocity-Rough-G1-v0,2000,avg_return,30482432.0,36.680093068258216
183,utd8,Isaac-Velocity-Rough-G1-v0,2000,avg_return,35479552.0,37.68548026356599
184,utd8,Isaac-Velocity-Rough-G1-v0,2000,avg_return,40476672.0,37.094622053783716
185,utd8,Isaac-Velocity-Rough-G1-v0,2000,avg_return,45473792.0,37.93342430974053
186,utd8,Isaac-Velocity-Rough-G1-v0,2000,avg_return,50000896.0,38.21580259073364
187,utd8,Isaac-Velocity-Rough-G1-v0,2000,avg_success_once,0.0,0.0
188,utd8,Isaac-Velocity-Rough-G1-v0,2000,avg_success_once,5496832.0,0.0
189,utd8,Isaac-Velocity-Rough-G1-v0,2000,avg_success_once,10493952.0,0.0
190,utd8,Isaac-Velocity-Rough-G1-v0,2000,avg_success_once,15491072.0,0.0
191,utd8,Isaac-Velocity-Rough-G1-v0,2000,avg_success_once,20488192.0,0.0
192,utd8,Isaac-Velocity-Rough-G1-v0,2000,avg_success_once,25485312.0,0.0
193,utd8,Isaac-Velocity-Rough-G1-v0,2000,avg_success_once,30482432.0,0.0
194,utd8,Isaac-Velocity-Rough-G1-v0,2000,avg_success_once,35479552.0,0.0
195,utd8,Isaac-Velocity-Rough-G1-v0,2000,avg_success_once,40476672.0,0.0
196,utd8,Isaac-Velocity-Rough-G1-v0,2000,avg_success_once,45473792.0,0.0
197,utd8,Isaac-Velocity-Rough-G1-v0,2000,avg_success_once,50000896.0,0.0
198,utd8,Isaac-Velocity-Flat-G1-v0,2000,avg_return,0.0,-5.157980482354791
199,utd8,Isaac-Velocity-Flat-G1-v0,2000,avg_return,5496832.0,20.316495367029987
200,utd8,Isaac-Velocity-Flat-G1-v0,2000,avg_return,10493952.0,31.076065485660777
201,utd8,Isaac-Velocity-Flat-G1-v0,2000,avg_return,15491072.0,34.52152304940561
202,utd8,Isaac-Velocity-Flat-G1-v0,2000,avg_return,20488192.0,35.5506358027551
203,utd8,Isaac-Velocity-Flat-G1-v0,2000,avg_return,25485312.0,36.746422955843315
204,utd8,Isaac-Velocity-Flat-G1-v0,2000,avg_return,30482432.0,36.81491254661381
205,utd8,Isaac-Velocity-Flat-G1-v0,2000,avg_return,35479552.0,37.538759859421575
206,utd8,Isaac-Velocity-Flat-G1-v0,2000,avg_return,40476672.0,37.726846310976974
207,utd8,Isaac-Velocity-Flat-G1-v0,2000,avg_return,45473792.0,37.67214959504142
208,utd8,Isaac-Velocity-Flat-G1-v0,2000,avg_return,50000896.0,37.73014588381755
209,utd8,Isaac-Velocity-Flat-G1-v0,2000,avg_success_once,0.0,0.0
210,utd8,Isaac-Velocity-Flat-G1-v0,2000,avg_success_once,5496832.0,0.0
211,utd8,Isaac-Velocity-Flat-G1-v0,2000,avg_success_once,10493952.0,0.0
212,utd8,Isaac-Velocity-Flat-G1-v0,2000,avg_success_once,15491072.0,0.0
213,utd8,Isaac-Velocity-Flat-G1-v0,2000,avg_success_once,20488192.0,0.0
214,utd8,Isaac-Velocity-Flat-G1-v0,2000,avg_success_once,25485312.0,0.0
215,utd8,Isaac-Velocity-Flat-G1-v0,2000,avg_success_once,30482432.0,0.0
216,utd8,Isaac-Velocity-Flat-G1-v0,2000,avg_success_once,35479552.0,0.0
217,utd8,Isaac-Velocity-Flat-G1-v0,2000,avg_success_once,40476672.0,0.0
218,utd8,Isaac-Velocity-Flat-G1-v0,2000,avg_success_once,45473792.0,0.0
219,utd8,Isaac-Velocity-Flat-G1-v0,2000,avg_success_once,50000896.0,0.0
220,utd8,Isaac-Repose-Cube-Allegro-Direct-v0,2000,avg_return,0.0,-37.426057653815086
221,utd8,Isaac-Repose-Cube-Allegro-Direct-v0,2000,avg_return,5496832.0,193.1669643783194
222,utd8,Isaac-Repose-Cube-Allegro-Direct-v0,2000,avg_return,10493952.0,1926.216805495625
223,utd8,Isaac-Repose-Cube-Allegro-Direct-v0,2000,avg_return,15491072.0,3018.2537673269762
224,utd8,Isaac-Repose-Cube-Allegro-Direct-v0,2000,avg_return,20488192.0,3774.4531316187235
225,utd8,Isaac-Repose-Cube-Allegro-Direct-v0,2000,avg_return,25485312.0,4423.722785363088
226,utd8,Isaac-Repose-Cube-Allegro-Direct-v0,2000,avg_return,30482432.0,4813.936993391742
227,utd8,Isaac-Repose-Cube-Allegro-Direct-v0,2000,avg_return,35479552.0,5040.29713236137
228,utd8,Isaac-Repose-Cube-Allegro-Direct-v0,2000,avg_return,40476672.0,5251.396936063596
229,utd8,Isaac-Repose-Cube-Allegro-Direct-v0,2000,avg_return,45473792.0,5470.58037788061
230,utd8,Isaac-Repose-Cube-Allegro-Direct-v0,2000,avg_return,50000896.0,5655.2106574939735
231,utd8,Isaac-Repose-Cube-Allegro-Direct-v0,2000,avg_success_once,0.0,0.0
232,utd8,Isaac-Repose-Cube-Allegro-Direct-v0,2000,avg_success_once,5496832.0,0.0
233,utd8,Isaac-Repose-Cube-Allegro-Direct-v0,2000,avg_success_once,10493952.0,0.0
234,utd8,Isaac-Repose-Cube-Allegro-Direct-v0,2000,avg_success_once,15491072.0,0.0
235,utd8,Isaac-Repose-Cube-Allegro-Direct-v0,2000,avg_success_once,20488192.0,0.0
236,utd8,Isaac-Repose-Cube-Allegro-Direct-v0,2000,avg_success_once,25485312.0,0.0
237,utd8,Isaac-Repose-Cube-Allegro-Direct-v0,2000,avg_success_once,30482432.0,0.0
238,utd8,Isaac-Repose-Cube-Allegro-Direct-v0,2000,avg_success_once,35479552.0,0.0
239,utd8,Isaac-Repose-Cube-Allegro-Direct-v0,2000,avg_success_once,40476672.0,0.0
240,utd8,Isaac-Repose-Cube-Allegro-Direct-v0,2000,avg_success_once,45473792.0,0.0
241,utd8,Isaac-Repose-Cube-Allegro-Direct-v0,2000,avg_success_once,50000896.0,0.0
242,utd8,Isaac-Repose-Cube-Shadow-Direct-v0,2000,avg_return,0.0,-64.97690825793026
243,utd8,Isaac-Repose-Cube-Shadow-Direct-v0,2000,avg_return,5496832.0,336.63927215776795
244,utd8,Isaac-Repose-Cube-Shadow-Direct-v0,2000,avg_return,10493952.0,3019.249587981321
245,utd8,Isaac-Repose-Cube-Shadow-Direct-v0,2000,avg_return,15491072.0,5803.313027496821
246,utd8,Isaac-Repose-Cube-Shadow-Direct-v0,2000,avg_return,20488192.0,6487.058972421561
247,utd8,Isaac-Repose-Cube-Shadow-Direct-v0,2000,avg_return,25485312.0,8023.015080518345
248,utd8,Isaac-Repose-Cube-Shadow-Direct-v0,2000,avg_return,30482432.0,8912.940251804368
249,utd8,Isaac-Repose-Cube-Shadow-Direct-v0,2000,avg_return,35479552.0,9283.381313779577
250,utd8,Isaac-Repose-Cube-Shadow-Direct-v0,2000,avg_return,40476672.0,9492.722137943023
251,utd8,Isaac-Repose-Cube-Shadow-Direct-v0,2000,avg_return,45473792.0,9674.339343364176
252,utd8,Isaac-Repose-Cube-Shadow-Direct-v0,2000,avg_return,50000896.0,9973.93879477823
253,utd8,Isaac-Repose-Cube-Shadow-Direct-v0,2000,avg_success_once,0.0,0.0
254,utd8,Isaac-Repose-Cube-Shadow-Direct-v0,2000,avg_success_once,5496832.0,0.0
255,utd8,Isaac-Repose-Cube-Shadow-Direct-v0,2000,avg_success_once,10493952.0,0.0
256,utd8,Isaac-Repose-Cube-Shadow-Direct-v0,2000,avg_success_once,15491072.0,0.0
257,utd8,Isaac-Repose-Cube-Shadow-Direct-v0,2000,avg_success_once,20488192.0,0.0
258,utd8,Isaac-Repose-Cube-Shadow-Direct-v0,2000,avg_success_once,25485312.0,0.0
259,utd8,Isaac-Repose-Cube-Shadow-Direct-v0,2000,avg_success_once,30482432.0,0.0
260,utd8,Isaac-Repose-Cube-Shadow-Direct-v0,2000,avg_success_once,35479552.0,0.0
261,utd8,Isaac-Repose-Cube-Shadow-Direct-v0,2000,avg_success_once,40476672.0,0.0
262,utd8,Isaac-Repose-Cube-Shadow-Direct-v0,2000,avg_success_once,45473792.0,0.0
263,utd8,Isaac-Repose-Cube-Shadow-Direct-v0,2000,avg_success_once,50000896.0,0.0
264,utd8,Isaac-Velocity-Rough-G1-v0,1000,avg_return,0.0,-4.893297615067805
265,utd8,Isaac-Velocity-Rough-G1-v0,1000,avg_return,5496832.0,19.02677651443142
266,utd8,Isaac-Velocity-Rough-G1-v0,1000,avg_return,10493952.0,25.258215911910312
267,utd8,Isaac-Velocity-Rough-G1-v0,1000,avg_return,15491072.0,30.592318100497735
268,utd8,Isaac-Velocity-Rough-G1-v0,1000,avg_return,20488192.0,33.60455632950372
269,utd8,Isaac-Velocity-Rough-G1-v0,1000,avg_return,25485312.0,35.137762372134205
270,utd8,Isaac-Velocity-Rough-G1-v0,1000,avg_return,30482432.0,36.61598373361586
271,utd8,Isaac-Velocity-Rough-G1-v0,1000,avg_return,35479552.0,38.141255587261575
272,utd8,Isaac-Velocity-Rough-G1-v0,1000,avg_return,40476672.0,37.87789424588328
273,utd8,Isaac-Velocity-Rough-G1-v0,1000,avg_return,45473792.0,37.74092703119226
274,utd8,Isaac-Velocity-Rough-G1-v0,1000,avg_return,50000896.0,38.84960581240853
275,utd8,Isaac-Velocity-Rough-G1-v0,1000,avg_success_once,0.0,0.0
276,utd8,Isaac-Velocity-Rough-G1-v0,1000,avg_success_once,5496832.0,0.0
277,utd8,Isaac-Velocity-Rough-G1-v0,1000,avg_success_once,10493952.0,0.0
278,utd8,Isaac-Velocity-Rough-G1-v0,1000,avg_success_once,15491072.0,0.0
279,utd8,Isaac-Velocity-Rough-G1-v0,1000,avg_success_once,20488192.0,0.0
280,utd8,Isaac-Velocity-Rough-G1-v0,1000,avg_success_once,25485312.0,0.0
281,utd8,Isaac-Velocity-Rough-G1-v0,1000,avg_success_once,30482432.0,0.0
282,utd8,Isaac-Velocity-Rough-G1-v0,1000,avg_success_once,35479552.0,0.0
283,utd8,Isaac-Velocity-Rough-G1-v0,1000,avg_success_once,40476672.0,0.0
284,utd8,Isaac-Velocity-Rough-G1-v0,1000,avg_success_once,45473792.0,0.0
285,utd8,Isaac-Velocity-Rough-G1-v0,1000,avg_success_once,50000896.0,0.0
286,utd8,Isaac-Velocity-Flat-G1-v0,0,avg_return,0.0,-5.052828489844427
287,utd8,Isaac-Velocity-Flat-G1-v0,0,avg_return,5496832.0,21.96668434413225
288,utd8,Isaac-Velocity-Flat-G1-v0,0,avg_return,10493952.0,28.539481735961814
289,utd8,Isaac-Velocity-Flat-G1-v0,0,avg_return,15491072.0,35.576525000457416
290,utd8,Isaac-Velocity-Flat-G1-v0,0,avg_return,20488192.0,36.609293217664494
291,utd8,Isaac-Velocity-Flat-G1-v0,0,avg_return,25485312.0,37.05001956818563
292,utd8,Isaac-Velocity-Flat-G1-v0,0,avg_return,30482432.0,37.50857197964952
293,utd8,Isaac-Velocity-Flat-G1-v0,0,avg_return,35479552.0,37.882465105954836
294,utd8,Isaac-Velocity-Flat-G1-v0,0,avg_return,40476672.0,37.951628976522514
295,utd8,Isaac-Velocity-Flat-G1-v0,0,avg_return,45473792.0,38.045941490893114
296,utd8,Isaac-Velocity-Flat-G1-v0,0,avg_return,50000896.0,38.12537929699436
297,utd8,Isaac-Velocity-Flat-G1-v0,0,avg_success_once,0.0,0.0
298,utd8,Isaac-Velocity-Flat-G1-v0,0,avg_success_once,5496832.0,0.0
299,utd8,Isaac-Velocity-Flat-G1-v0,0,avg_success_once,10493952.0,0.0
300,utd8,Isaac-Velocity-Flat-G1-v0,0,avg_success_once,15491072.0,0.0
301,utd8,Isaac-Velocity-Flat-G1-v0,0,avg_success_once,20488192.0,0.0
302,utd8,Isaac-Velocity-Flat-G1-v0,0,avg_success_once,25485312.0,0.0
303,utd8,Isaac-Velocity-Flat-G1-v0,0,avg_success_once,30482432.0,0.0
304,utd8,Isaac-Velocity-Flat-G1-v0,0,avg_success_once,35479552.0,0.0
305,utd8,Isaac-Velocity-Flat-G1-v0,0,avg_success_once,40476672.0,0.0
306,utd8,Isaac-Velocity-Flat-G1-v0,0,avg_success_once,45473792.0,0.0
307,utd8,Isaac-Velocity-Flat-G1-v0,0,avg_success_once,50000896.0,0.0
308,utd8,Isaac-Repose-Cube-Shadow-Direct-v0,0,avg_return,0.0,-32.51374257632959
309,utd8,Isaac-Repose-Cube-Shadow-Direct-v0,0,avg_return,5496832.0,323.83008433373885
310,utd8,Isaac-Repose-Cube-Shadow-Direct-v0,0,avg_return,10493952.0,2748.4207173645204
311,utd8,Isaac-Repose-Cube-Shadow-Direct-v0,0,avg_return,15491072.0,5105.7742386748105
312,utd8,Isaac-Repose-Cube-Shadow-Direct-v0,0,avg_return,20488192.0,6869.082085103471
313,utd8,Isaac-Repose-Cube-Shadow-Direct-v0,0,avg_return,25485312.0,7559.318100271655
314,utd8,Isaac-Repose-Cube-Shadow-Direct-v0,0,avg_return,30482432.0,8902.9670585897
315,utd8,Isaac-Repose-Cube-Shadow-Direct-v0,0,avg_return,35479552.0,9485.479674006954
316,utd8,Isaac-Repose-Cube-Shadow-Direct-v0,0,avg_return,40476672.0,9948.620883128304
317,utd8,Isaac-Repose-Cube-Shadow-Direct-v0,0,avg_return,45473792.0,10093.70809114191
318,utd8,Isaac-Repose-Cube-Shadow-Direct-v0,0,avg_return,50000896.0,10454.97207779705
319,utd8,Isaac-Repose-Cube-Shadow-Direct-v0,0,avg_success_once,0.0,0.0
320,utd8,Isaac-Repose-Cube-Shadow-Direct-v0,0,avg_success_once,5496832.0,0.0
321,utd8,Isaac-Repose-Cube-Shadow-Direct-v0,0,avg_success_once,10493952.0,0.0
322,utd8,Isaac-Repose-Cube-Shadow-Direct-v0,0,avg_success_once,15491072.0,0.0
323,utd8,Isaac-Repose-Cube-Shadow-Direct-v0,0,avg_success_once,20488192.0,0.0
324,utd8,Isaac-Repose-Cube-Shadow-Direct-v0,0,avg_success_once,25485312.0,0.0
325,utd8,Isaac-Repose-Cube-Shadow-Direct-v0,0,avg_success_once,30482432.0,0.0
326,utd8,Isaac-Repose-Cube-Shadow-Direct-v0,0,avg_success_once,35479552.0,0.0
327,utd8,Isaac-Repose-Cube-Shadow-Direct-v0,0,avg_success_once,40476672.0,0.0
328,utd8,Isaac-Repose-Cube-Shadow-Direct-v0,0,avg_success_once,45473792.0,0.0
329,utd8,Isaac-Repose-Cube-Shadow-Direct-v0,0,avg_success_once,50000896.0,0.0
330,utd8,Isaac-Repose-Cube-Allegro-Direct-v0,1000,avg_return,0.0,-28.438831253424283
331,utd8,Isaac-Repose-Cube-Allegro-Direct-v0,1000,avg_return,5496832.0,269.11488119823116
332,utd8,Isaac-Repose-Cube-Allegro-Direct-v0,1000,avg_return,10493952.0,2234.0797948025574
333,utd8,Isaac-Repose-Cube-Allegro-Direct-v0,1000,avg_return,15491072.0,3573.5802711849656
334,utd8,Isaac-Repose-Cube-Allegro-Direct-v0,1000,avg_return,20488192.0,4518.888545958087
335,utd8,Isaac-Repose-Cube-Allegro-Direct-v0,1000,avg_return,25485312.0,5162.088359184167
336,utd8,Isaac-Repose-Cube-Allegro-Direct-v0,1000,avg_return,30482432.0,5597.0317428920325
337,utd8,Isaac-Repose-Cube-Allegro-Direct-v0,1000,avg_return,35479552.0,5923.702344870657
338,utd8,Isaac-Repose-Cube-Allegro-Direct-v0,1000,avg_return,40476672.0,6103.776235195842
339,utd8,Isaac-Repose-Cube-Allegro-Direct-v0,1000,avg_return,45473792.0,6315.891385505147
340,utd8,Isaac-Repose-Cube-Allegro-Direct-v0,1000,avg_return,50000896.0,6480.359506047205
341,utd8,Isaac-Repose-Cube-Allegro-Direct-v0,1000,avg_success_once,0.0,0.0
342,utd8,Isaac-Repose-Cube-Allegro-Direct-v0,1000,avg_success_once,5496832.0,0.0
343,utd8,Isaac-Repose-Cube-Allegro-Direct-v0,1000,avg_success_once,10493952.0,0.0
344,utd8,Isaac-Repose-Cube-Allegro-Direct-v0,1000,avg_success_once,15491072.0,0.0
345,utd8,Isaac-Repose-Cube-Allegro-Direct-v0,1000,avg_success_once,20488192.0,0.0
346,utd8,Isaac-Repose-Cube-Allegro-Direct-v0,1000,avg_success_once,25485312.0,0.0
347,utd8,Isaac-Repose-Cube-Allegro-Direct-v0,1000,avg_success_once,30482432.0,0.0
348,utd8,Isaac-Repose-Cube-Allegro-Direct-v0,1000,avg_success_once,35479552.0,0.0
349,utd8,Isaac-Repose-Cube-Allegro-Direct-v0,1000,avg_success_once,40476672.0,0.0
350,utd8,Isaac-Repose-Cube-Allegro-Direct-v0,1000,avg_success_once,45473792.0,0.0
351,utd8,Isaac-Repose-Cube-Allegro-Direct-v0,1000,avg_success_once,50000896.0,0.0
352,utd8,Isaac-Velocity-Flat-G1-v0,1000,avg_return,0.0,-5.216682294843188
353,utd8,Isaac-Velocity-Flat-G1-v0,1000,avg_return,5496832.0,23.88165019102442
354,utd8,Isaac-Velocity-Flat-G1-v0,1000,avg_return,10493952.0,28.795556510806538
355,utd8,Isaac-Velocity-Flat-G1-v0,1000,avg_return,15491072.0,32.958955415525324
356,utd8,Isaac-Velocity-Flat-G1-v0,1000,avg_return,20488192.0,33.252764971285046
357,utd8,Isaac-Velocity-Flat-G1-v0,1000,avg_return,25485312.0,34.314801465275494
358,utd8,Isaac-Velocity-Flat-G1-v0,1000,avg_return,30482432.0,34.78185704483216
359,utd8,Isaac-Velocity-Flat-G1-v0,1000,avg_return,35479552.0,35.37289986362551
360,utd8,Isaac-Velocity-Flat-G1-v0,1000,avg_return,40476672.0,35.70316171260343
361,utd8,Isaac-Velocity-Flat-G1-v0,1000,avg_return,45473792.0,35.549458785761765
362,utd8,Isaac-Velocity-Flat-G1-v0,1000,avg_return,50000896.0,35.67978448791024
363,utd8,Isaac-Velocity-Flat-G1-v0,1000,avg_success_once,0.0,0.0
364,utd8,Isaac-Velocity-Flat-G1-v0,1000,avg_success_once,5496832.0,0.0
365,utd8,Isaac-Velocity-Flat-G1-v0,1000,avg_success_once,10493952.0,0.0
366,utd8,Isaac-Velocity-Flat-G1-v0,1000,avg_success_once,15491072.0,0.0
367,utd8,Isaac-Velocity-Flat-G1-v0,1000,avg_success_once,20488192.0,0.0
368,utd8,Isaac-Velocity-Flat-G1-v0,1000,avg_success_once,25485312.0,0.0
369,utd8,Isaac-Velocity-Flat-G1-v0,1000,avg_success_once,30482432.0,0.0
370,utd8,Isaac-Velocity-Flat-G1-v0,1000,avg_success_once,35479552.0,0.0
371,utd8,Isaac-Velocity-Flat-G1-v0,1000,avg_success_once,40476672.0,0.0
372,utd8,Isaac-Velocity-Flat-G1-v0,1000,avg_success_once,45473792.0,0.0
373,utd8,Isaac-Velocity-Flat-G1-v0,1000,avg_success_once,50000896.0,0.0
374,utd8,Isaac-Repose-Cube-Shadow-Direct-v0,1000,avg_return,0.0,-131.32416862412236
375,utd8,Isaac-Repose-Cube-Shadow-Direct-v0,1000,avg_return,5496832.0,293.5847122374969
376,utd8,Isaac-Repose-Cube-Shadow-Direct-v0,1000,avg_return,10493952.0,2106.2902672889077
377,utd8,Isaac-Repose-Cube-Shadow-Direct-v0,1000,avg_return,15491072.0,5231.767391222194
378,utd8,Isaac-Repose-Cube-Shadow-Direct-v0,1000,avg_return,20488192.0,6339.340541743187
379,utd8,Isaac-Repose-Cube-Shadow-Direct-v0,1000,avg_return,25485312.0,8130.3309735136145
380,utd8,Isaac-Repose-Cube-Shadow-Direct-v0,1000,avg_return,30482432.0,8745.236249127589
381,utd8,Isaac-Repose-Cube-Shadow-Direct-v0,1000,avg_return,35479552.0,9365.671798895235
382,utd8,Isaac-Repose-Cube-Shadow-Direct-v0,1000,avg_return,40476672.0,9583.086226967242
383,utd8,Isaac-Repose-Cube-Shadow-Direct-v0,1000,avg_return,45473792.0,10300.732834719216
384,utd8,Isaac-Repose-Cube-Shadow-Direct-v0,1000,avg_return,50000896.0,10407.97132909175
385,utd8,Isaac-Repose-Cube-Shadow-Direct-v0,1000,avg_success_once,0.0,0.0
386,utd8,Isaac-Repose-Cube-Shadow-Direct-v0,1000,avg_success_once,5496832.0,0.0
387,utd8,Isaac-Repose-Cube-Shadow-Direct-v0,1000,avg_success_once,10493952.0,0.0
388,utd8,Isaac-Repose-Cube-Shadow-Direct-v0,1000,avg_success_once,15491072.0,0.0
389,utd8,Isaac-Repose-Cube-Shadow-Direct-v0,1000,avg_success_once,20488192.0,0.0
390,utd8,Isaac-Repose-Cube-Shadow-Direct-v0,1000,avg_success_once,25485312.0,0.0
391,utd8,Isaac-Repose-Cube-Shadow-Direct-v0,1000,avg_success_once,30482432.0,0.0
392,utd8,Isaac-Repose-Cube-Shadow-Direct-v0,1000,avg_success_once,35479552.0,0.0
393,utd8,Isaac-Repose-Cube-Shadow-Direct-v0,1000,avg_success_once,40476672.0,0.0
394,utd8,Isaac-Repose-Cube-Shadow-Direct-v0,1000,avg_success_once,45473792.0,0.0
395,utd8,Isaac-Repose-Cube-Shadow-Direct-v0,1000,avg_success_once,50000896.0,0.0
396,utd8,Isaac-Repose-Cube-Allegro-Direct-v0,0,avg_return,0.0,-21.896719932319055
397,utd8,Isaac-Repose-Cube-Allegro-Direct-v0,0,avg_return,5496832.0,167.983030435227
398,utd8,Isaac-Repose-Cube-Allegro-Direct-v0,0,avg_return,10493952.0,1886.3905154733316
399,utd8,Isaac-Repose-Cube-Allegro-Direct-v0,0,avg_return,15491072.0,3537.2358289131357
400,utd8,Isaac-Repose-Cube-Allegro-Direct-v0,0,avg_return,20488192.0,4416.4043550048955
401,utd8,Isaac-Repose-Cube-Allegro-Direct-v0,0,avg_return,25485312.0,4927.320616173922
402,utd8,Isaac-Repose-Cube-Allegro-Direct-v0,0,avg_return,30482432.0,5465.261897456448
403,utd8,Isaac-Repose-Cube-Allegro-Direct-v0,0,avg_return,35479552.0,5728.347711443476
404,utd8,Isaac-Repose-Cube-Allegro-Direct-v0,0,avg_return,40476672.0,6042.125378313847
405,utd8,Isaac-Repose-Cube-Allegro-Direct-v0,0,avg_return,45473792.0,6191.351414287418
406,utd8,Isaac-Repose-Cube-Allegro-Direct-v0,0,avg_return,50000896.0,6302.2118993238055
407,utd8,Isaac-Repose-Cube-Allegro-Direct-v0,0,avg_success_once,0.0,0.0
408,utd8,Isaac-Repose-Cube-Allegro-Direct-v0,0,avg_success_once,5496832.0,0.0
409,utd8,Isaac-Repose-Cube-Allegro-Direct-v0,0,avg_success_once,10493952.0,0.0
410,utd8,Isaac-Repose-Cube-Allegro-Direct-v0,0,avg_success_once,15491072.0,0.0
411,utd8,Isaac-Repose-Cube-Allegro-Direct-v0,0,avg_success_once,20488192.0,0.0
412,utd8,Isaac-Repose-Cube-Allegro-Direct-v0,0,avg_success_once,25485312.0,0.0
413,utd8,Isaac-Repose-Cube-Allegro-Direct-v0,0,avg_success_once,30482432.0,0.0
414,utd8,Isaac-Repose-Cube-Allegro-Direct-v0,0,avg_success_once,35479552.0,0.0
415,utd8,Isaac-Repose-Cube-Allegro-Direct-v0,0,avg_success_once,40476672.0,0.0
416,utd8,Isaac-Repose-Cube-Allegro-Direct-v0,0,avg_success_once,45473792.0,0.0
417,utd8,Isaac-Repose-Cube-Allegro-Direct-v0,0,avg_success_once,50000896.0,0.0
418,utd8,Isaac-Velocity-Rough-G1-v0,0,avg_return,0.0,-4.8365728159481325
419,utd8,Isaac-Velocity-Rough-G1-v0,0,avg_return,5496832.0,15.594615089814255
420,utd8,Isaac-Velocity-Rough-G1-v0,0,avg_return,10493952.0,24.150457621407135
421,utd8,Isaac-Velocity-Rough-G1-v0,0,avg_return,15491072.0,30.69007897250828
422,utd8,Isaac-Velocity-Rough-G1-v0,0,avg_return,20488192.0,33.58216391168551
423,utd8,Isaac-Velocity-Rough-G1-v0,0,avg_return,25485312.0,35.56427248684391
424,utd8,Isaac-Velocity-Rough-G1-v0,0,avg_return,30482432.0,35.84950947914243
425,utd8,Isaac-Velocity-Rough-G1-v0,0,avg_return,35479552.0,38.33000325648463
426,utd8,Isaac-Velocity-Rough-G1-v0,0,avg_return,40476672.0,38.33032081189405
427,utd8,Isaac-Velocity-Rough-G1-v0,0,avg_return,45473792.0,37.255493456745654
428,utd8,Isaac-Velocity-Rough-G1-v0,0,avg_return,50000896.0,39.97550231809285
429,utd8,Isaac-Velocity-Rough-G1-v0,0,avg_success_once,0.0,0.0
430,utd8,Isaac-Velocity-Rough-G1-v0,0,avg_success_once,5496832.0,0.0
431,utd8,Isaac-Velocity-Rough-G1-v0,0,avg_success_once,10493952.0,0.0
432,utd8,Isaac-Velocity-Rough-G1-v0,0,avg_success_once,15491072.0,0.0
433,utd8,Isaac-Velocity-Rough-G1-v0,0,avg_success_once,20488192.0,0.0
434,utd8,Isaac-Velocity-Rough-G1-v0,0,avg_success_once,25485312.0,0.0
435,utd8,Isaac-Velocity-Rough-G1-v0,0,avg_success_once,30482432.0,0.0
436,utd8,Isaac-Velocity-Rough-G1-v0,0,avg_success_once,35479552.0,0.0
437,utd8,Isaac-Velocity-Rough-G1-v0,0,avg_success_once,40476672.0,0.0
438,utd8,Isaac-Velocity-Rough-G1-v0,0,avg_success_once,45473792.0,0.0
439,utd8,Isaac-Velocity-Rough-G1-v0,0,avg_success_once,50000896.0,0.0
